{
  "metadata": {
    "experiment": "bootstrap_confidence_intervals",
    "timestamp_utc": "2026-06-29T06:25:34.891962+00:00",
    "device": "cuda",
    "n_bootstrap": 5
  },
  "delimiter_heads": 35,
  "summary": {
    "gcf_generic": {
      "baseline_mean": 60953.38,
      "baseline_std": 7415.21,
      "delim_delta_mean": -21.64,
      "delim_delta_std": 1.8,
      "random_delta_mean": -21.2,
      "random_delta_std": 8.28,
      "baseline_samples": [
        64636.26961179672,
        55721.95796640988,
        55382.029279423106,
        73936.93639924454,
        55089.68806784097
      ],
      "delim_delta_samples": [
        -22.50043657798279,
        -22.056322984288826,
        -20.29268575484834,
        -19.068970392853714,
        -24.260000620372075
      ],
      "random_delta_samples": [
        -6.690926770570904,
        -22.909643640871984,
        -29.330099285928853,
        -28.654220366732574,
        -18.42332088898914
      ]
    },
    "json": {
      "baseline_mean": 37423.4,
      "baseline_std": 1050.19,
      "delim_delta_mean": 7.86,
      "delim_delta_std": 1.27,
      "random_delta_mean": -61.09,
      "random_delta_std": 9.25,
      "baseline_samples": [
        39036.50138228093,
        36892.73336028486,
        38095.52681507638,
        37111.70884235675,
        35980.52351914987
      ],
      "delim_delta_samples": [
        7.792798990832008,
        9.656937852710739,
        7.184827366925452,
        5.945109918970953,
        8.713718780277581
      ],
      "random_delta_samples": [
        -53.16547853697892,
        -65.22244720837111,
        -54.89313681859915,
        -77.478935812851,
        -54.70150500582799
      ]
    },
    "nl": {
      "baseline_mean": 4331.13,
      "baseline_std": 0.0,
      "delim_delta_mean": 7.57,
      "delim_delta_std": 0.0,
      "random_delta_mean": 1.37,
      "random_delta_std": 2.31,
      "baseline_samples": [
        4331.127875094601,
        4331.127875094601,
        4331.127875094601,
        4331.127875094601,
        4331.127875094601
      ],
      "delim_delta_samples": [
        7.573268429943967,
        7.573268429943967,
        7.573268429943967,
        7.573268429943967,
        7.573268429943967
      ],
      "random_delta_samples": [
        0.0180788111801181,
        2.528548735488702,
        2.9926766904262654,
        -2.4873732663233037,
        3.802638437660172
      ]
    }
  }
}