{
  "metadata": {
    "experiment": "bootstrap_confidence_intervals",
    "timestamp_utc": "2026-06-27T20:38:20.222571+00:00",
    "device": "cuda",
    "n_bootstrap": 5
  },
  "delimiter_heads": 137,
  "summary": {
    "gcf_generic": {
      "baseline_mean": 80332.08,
      "baseline_std": 7819.11,
      "delim_delta_mean": -80.74,
      "delim_delta_std": 2.09,
      "random_delta_mean": -97.43,
      "random_delta_std": 0.96,
      "baseline_samples": [
        85017.0808665531,
        69450.1570204801,
        77264.86337838793,
        92481.01758936443,
        77447.26102563381
      ],
      "delim_delta_samples": [
        -80.10346657761126,
        -78.17515252153025,
        -80.74345845067842,
        -84.54628853096207,
        -80.12496369972595
      ],
      "random_delta_samples": [
        -97.65862338084597,
        -95.78555334696595,
        -97.6436709945402,
        -97.31053597716438,
        -98.76140514751414
      ]
    },
    "json": {
      "baseline_mean": 2951689.64,
      "baseline_std": 154027.88,
      "delim_delta_mean": -99.93,
      "delim_delta_std": 0.0,
      "random_delta_mean": -89.18,
      "random_delta_std": 10.95,
      "baseline_samples": [
        3243393.0354931112,
        2960288.697880078,
        2863823.064813721,
        2885303.110835052,
        2805640.2707843473
      ],
      "delim_delta_samples": [
        -99.93388644623484,
        -99.93080343693272,
        -99.92681790860573,
        -99.92739422113134,
        -99.92527459670468
      ],
      "random_delta_samples": [
        -98.65744685521804,
        -96.88026539774971,
        -76.30748261558054,
        -75.29291236220902,
        -98.77003593032788
      ]
    },
    "nl": {
      "baseline_mean": 4051.49,
      "baseline_std": 0.0,
      "delim_delta_mean": 40.35,
      "delim_delta_std": 0.0,
      "random_delta_mean": 20.05,
      "random_delta_std": 2.35,
      "baseline_samples": [
        4051.4881125215347,
        4051.4881125215347,
        4051.4881125215347,
        4051.4881125215347,
        4051.4881125215347
      ],
      "delim_delta_samples": [
        40.354262965413064,
        40.354262965413064,
        40.354262965413064,
        40.354262965413064,
        40.354262965413064
      ],
      "random_delta_samples": [
        23.971068940227305,
        18.475936589713353,
        21.5376176463819,
        18.26688442370446,
        17.985001199637328
      ]
    }
  }
}